film_date,,,,,,
1140825600,,,,,,
1140825600,,,,,,
1140739200,,,,,,
1140912000,,,,,,
1140566400,,,,,,
1138838400,,,,,,
1140739200,,,,,,
1140652800,,,,,,
1138838400,,,,,,
1140825600,,,,,,
1140912000,,,,,,
1140912000,,,,,,
1140652800,,,,,,
1139184000,,,,,,
1140652800,,,,,,
1140652800,,,,,,
1077753600,,,,,,
1140739200,,,,,,
1109289600,,,,,,
1121299200,,,,,,
1140652800,,,,,,
1077580800,,,,,,
1140652800,,,,,,
1140739200,,,,,,
1075852800,,,,,,
1121299200,,,,,,
1120694400,,,,,,
1077840000,,,,,,
1077753600,,,,,,
1075680000,,,,,,
1121385600,,,,,,
1109376000,,,,,,
1121299200,,,,,,
1121212800,,,,,,
1120176000,,,,,,
1121299200,,,,,,
1121126400,,,,,,
1140739200,,,,,,
1109203200,,,,,,
1109203200,,,,,,
1108598400,,,,,,
1109203200,,,,,,
1121299200,,,,,,
1140652800,,,,,,
1109203200,,,,,,
1109203200,,,,,,
1140652800,,,,,,
1109116800,,,,,,
1164844800,,,,,,
1140652800,,,,,,
1121299200,,,,,,
1107302400,,,,,,
1044230400,,,,,,
1140652800,,,,,,
1121299200,,,,,,
1138838400,,,,,,
1164844800,,,,,,
1121299200,,,,,,
1109289600,,,,,,
1109289600,,,,,,
1140652800,,,,,,
1138838400,,,,,,
1120694400,,,,,,
1173312000,,,,,,
1173312000,,,,,,
1173312000,,,,,,
1014940800,,,,,,
1046304000,,,,,,
1107302400,,,,,,
1077753600,,,,,,
1012608000,,,,,,
1044144000,,,,,,
1075680000,,,,,,
1120694400,,,,,,
1109289600,,,,,,
1012608000,,,,,,
1166054400,,,,,,
1121299200,,,,,,
1046304000,,,,,,
1121299200,,,,,,
1109203200,,,,,,
1109203200,,,,,,
1077840000,,,,,,
1075680000,,,,,,
1107302400,,,,,,
1077667200,,,,,,
1140912000,,,,,,
1107302400,,,,,,
1046304000,,,,,,
1044144000,,,,,,
1107302400,,,,,,
1044144000,,,,,,
1138838400,,,,,,
1044144000,,,,,,
1044144000,,,,,,
1107302400,,,,,,
1012608000,,,,,,
1138838400,,,,,,
1075680000,,,,,,
1075680000,,,,,,
1012608000,,,,,,
1075680000,,,,,,
1141344000,,,,,,
1075680000,,,,,,
1012608000,,,,,,
1138838400,,,,,,
1044144000,,,,,,
1044144000,,,,,,
1172880000,,,,,,
1172880000,,,,,,
1172880000,,,,,,
1172880000,,,,,,
1164931200,,,,,,
1012608000,,,,,,
1107302400,,,,,,
1138838400,,,,,,
1172880000,,,,,,
1172880000,,,,,,
1172880000,,,,,,
1012608000,,,,,,
1138838400,,,,,,
1172880000,,,,,,
1172880000,,,,,,
1172880000,,,,,,
1172880000,,,,,,
1172880000,,,,,,
1172880000,,,,,,
1181001600,,,,,,
1181174400,,,,,,
1181001600,,,,,,
1180915200,,,,,,
1181088000,,,,,,
1181088000,,,,,,
1181001600,,,,,,
1181174400,,,,,,
1181260800,,,,,,
1172880000,,,,,,
1173398400,,,,,,
1172880000,,,,,,
1181088000,,,,,,
1172880000,,,,,,
1120694400,,,,,,
1172880000,,,,,,
1172880000,,,,,,
1181174400,,,,,,
1172880000,,,,,,
1012608000,,,,,,
1044144000,,,,,,
1172880000,,,,,,
1172880000,,,,,,
1172880000,,,,,,
1173139200,,,,,,
1172880000,,,,,,
1172880000,,,,,,
1172880000,,,,,,
1181088000,,,,,,
981072000,,,,,,
1075680000,,,,,,
1172880000,,,,,,
1172880000,,,,,,
1189296000,,,,,,
1189296000,,,,,,
1167609600,,,,,,
1107302400,,,,,,
1181088000,,,,,,
1172880000,,,,,,
1172880000,,,,,,
1107302400,,,,,,
1107302400,,,,,,
1172880000,,,,,,
1172880000,,,,,,
1172880000,,,,,,
1172880000,,,,,,
1173225600,,,,,,
1044144000,,,,,,
1172880000,,,,,,
1172880000,,,,,,
1172880000,,,,,,
1014854400,,,,,,
1172880000,,,,,,
1012608000,,,,,,
1172880000,,,,,,
1172880000,,,,,,
1120694400,,,,,,
1012608000,,,,,,
1172880000,,,,,,
1172880000,,,,,,
1012608000,,,,,,
1172880000,,,,,,
1107302400,,,,,,
1012608000,,,,,,
1012608000,,,,,,
1015113600,,,,,,
1172880000,,,,,,
1012608000,,,,,,
1181088000,,,,,,
1172880000,,,,,,
1204070400,,,,,,
1172880000,,,,,,
1204156800,,,,,,
444528000,,,,,,
1204070400,,,,,,
636422400,,,,,,
1204156800,,,,,,
1204156800,,,,,,
1204156800,,,,,,
1167609600,,,,,,
1204243200,,,,,,
1141084800,,,,,,
1181088000,,,,,,
1204243200,,,,,,
1172880000,,,,,,
1172880000,,,,,,
1204070400,,,,,,
1204502400,,,,,,
1204156800,,,,,,
1204502400,,,,,,
1120694400,,,,,,
1181088000,,,,,,
1201910400,,,,,,
1107302400,,,,,,
1204502400,,,,,,
1172880000,,,,,,
1181088000,,,,,,
1204502400,,,,,,
1172880000,,,,,,
1015113600,,,,,,
1204502400,,,,,,
1204502400,,,,,,
1197417600,,,,,,
1204243200,,,,,,
1204243200,,,,,,
1078272000,,,,,,
1181088000,,,,,,
1204502400,,,,,,
1204243200,,,,,,
1172880000,,,,,,
1181088000,,,,,,
1201910400,,,,,,
1172880000,,,,,,
1046649600,,,,,,
1201910400,,,,,,
1204502400,,,,,,
1012608000,,,,,,
1170374400,,,,,,
1121126400,,,,,,
1201910400,,,,,,
1197417600,,,,,,
1204243200,,,,,,
1202774400,,,,,,
1201910400,,,,,,
1197417600,,,,,,
1172880000,,,,,,
1181088000,,,,,,
1046649600,,,,,,
1201910400,,,,,,
1120176000,,,,,,
1201910400,,,,,,
1044144000,,,,,,
1201910400,,,,,,
886377600,,,,,,
1196553600,,,,,,
1075680000,,,,,,
1075680000,,,,,,
1181088000,,,,,,
1201910400,,,,,,
1201910400,,,,,,
1197417600,,,,,,
1044144000,,,,,,
1197417600,,,,,,
1181088000,,,,,,
1201910400,,,,,,
1201910400,,,,,,
1201910400,,,,,,
1181088000,,,,,,
1201910400,,,,,,
1107302400,,,,,,
1196640000,,,,,,
1201910400,,,,,,
1197417600,,,,,,
1170374400,,,,,,
1181088000,,,,,,
1138838400,,,,,,
1201910400,,,,,,
1120694400,,,,,,
1197417600,,,,,,
1170374400,,,,,,
1181088000,,,,,,
1204243200,,,,,,
1197417600,,,,,,
888624000,,,,,,
1107302400,,,,,,
1012608000,,,,,,
1197417600,,,,,,
1204329600,,,,,,
1120694400,,,,,,
1172707200,,,,,,
1044144000,,,,,,
1201910400,,,,,,
1201910400,,,,,,
1197417600,,,,,,
1046390400,,,,,,
1044144000,,,,,,
1201910400,,,,,,
1044144000,,,,,,
1197417600,,,,,,
1222992000,,,,,,
1138838400,,,,,,
1201910400,,,,,,
1044144000,,,,,,
1044144000,,,,,,
1201910400,,,,,,
1197417600,,,,,,
1075680000,,,,,,
1075680000,,,,,,
1201910400,,,,,,
886377600,,,,,,
1078012800,,,,,,
1046390400,,,,,,
1046390400,,,,,,
1201910400,,,,,,
1107302400,,,,,,
1181088000,,,,,,
1254355200,,,,,,
1254355200,,,,,,
1254355200,,,,,,
1255478400,,,,,,
1254355200,,,,,,
1255478400,,,,,,
1109548800,,,,,,
1107302400,,,,,,
1201910400,,,,,,
1210118400,,,,,,
1107302400,,,,,,
1044144000,,,,,,
1201910400,,,,,,
1210118400,,,,,,
1138838400,,,,,,
1075680000,,,,,,
1201910400,,,,,,
1181088000,,,,,,
1210204800,,,,,,
1138838400,,,,,,
1216339200,,,,,,
1201910400,,,,,,
1201910400,,,,,,
1201910400,,,,,,
1210204800,,,,,,
1109548800,,,,,,
1172880000,,,,,,
1078099200,,,,,,
981072000,,,,,,
1216425600,,,,,,
1204243200,,,,,,
1120694400,,,,,,
1216425600,,,,,,
1138838400,,,,,,
1075680000,,,,,,
1228348800,,,,,,
1215388800,,,,,,
1012608000,,,,,,
1209945600,,,,,,
1109548800,,,,,,
1075680000,,,,,,
1107302400,,,,,,
1138838400,,,,,,
1109548800,,,,,,
1216252800,,,,,,
1078012800,,,,,,
1209945600,,,,,,
1044144000,,,,,,
1138838400,,,,,,
1214784000,,,,,,
1044144000,,,,,,
1075680000,,,,,,
1204070400,,,,,,
886377600,,,,,,
1138838400,,,,,,
1044144000,,,,,,
1044144000,,,,,,
1233532800,,,,,,
1233792000,,,,,,
886377600,,,,,,
1233878400,,,,,,
1233964800,,,,,,
1233705600,,,,,,
1233792000,,,,,,
1233792000,,,,,,
1233792000,,,,,,
1233792000,,,,,,
1233705600,,,,,,
1233792000,,,,,,
1075680000,,,,,,
1229040000,,,,,,
1233792000,,,,,,
886377600,,,,,,
1233878400,,,,,,
1233878400,,,,,,
1229040000,,,,,,
1233878400,,,,,,
1044144000,,,,,,
1233878400,,,,,,
1233792000,,,,,,
1210204800,,,,,,
1233792000,,,,,,
1233792000,,,,,,
1233964800,,,,,,
1229040000,,,,,,
1210550400,,,,,,
1233792000,,,,,,
1233878400,,,,,,
1233532800,,,,,,
1229040000,,,,,,
980985600,,,,,,
1233792000,,,,,,
981676800,,,,,,
1233792000,,,,,,
1233878400,,,,,,
1012608000,,,,,,
1233705600,,,,,,
1012608000,,,,,,
1233964800,,,,,,
1233878400,,,,,,
1012608000,,,,,,
1233878400,,,,,,
1233792000,,,,,,
1044144000,,,,,,
1233792000,,,,,,
1228435200,,,,,,
1233792000,,,,,,
1233878400,,,,,,
1012608000,,,,,,
1233878400,,,,,,
1233964800,,,,,,
1014854400,,,,,,
1233964800,,,,,,
1077926400,,,,,,
1233792000,,,,,,
1170374400,,,,,,
1233792000,,,,,,
1233792000,,,,,,
1012608000,,,,,,
1046304000,,,,,,
1233878400,,,,,,
1233792000,,,,,,
1233705600,,,,,,
1233792000,,,,,,
1233878400,,,,,,
1233705600,,,,,,
1233705600,,,,,,
1233532800,,,,,,
1229040000,,,,,,
1233878400,,,,,,
1233878400,,,,,,
1233878400,,,,,,
1233792000,,,,,,
1233792000,,,,,,
1238803200,,,,,,
1233878400,,,,,,
1204329600,,,,,,
1233964800,,,,,,
1233964800,,,,,,
1233705600,,,,,,
1077840000,,,,,,
1233792000,,,,,,
1233878400,,,,,,
1233878400,,,,,,
1075680000,,,,,,
1233792000,,,,,,
1233878400,,,,,,
1237766400,,,,,,
1243987200,,,,,,
1233914880,,,,,,
1233878400,,,,,,
1237766400,,,,,,
1233878400,,,,,,
1244246400,,,,,,
1173484800,,,,,,
1233878400,,,,,,
1233792000,,,,,,
1233878400,,,,,,
1233878400,,,,,,
1170374400,,,,,,
1233878400,,,,,,
1233878400,,,,,,
1233792000,,,,,,
1243987200,,,,,,
1233878400,,,,,,
1233878400,,,,,,
1233792000,,,,,,
1233792000,,,,,,
1248134400,,,,,,
1248134400,,,,,,
1235088000,,,,,,
1248220800,,,,,,
1248134400,,,,,,
1248220800,,,,,,
1248220800,,,,,,
1248220800,,,,,,
1248307200,,,,,,
1248393600,,,,,,
1248307200,,,,,,
1244073600,,,,,,
1233878400,,,,,,
1248307200,,,,,,
1248307200,,,,,,
1248393600,,,,,,
1248307200,,,,,,
1248220800,,,,,,
1248307200,,,,,,
1252454400,,,,,,
1248220800,,,,,,
1139443200,,,,,,
1248307200,,,,,,
1248307200,,,,,,
1248307200,,,,,,
1233792000,,,,,,
1248220800,,,,,,
1248220800,,,,,,
1248307200,,,,,,
1248307200,,,,,,
1248307200,,,,,,
1243987200,,,,,,
1248307200,,,,,,
1248220800,,,,,,
1248393600,,,,,,
1248307200,,,,,,
1248307200,,,,,,
1248220800,,,,,,
1237766400,,,,,,
1248307200,,,,,,
1248307200,,,,,,
1248393600,,,,,,
1248220800,,,,,,
1233705600,,,,,,
1248307200,,,,,,
1248307200,,,,,,
1248134400,,,,,,
1250726400,,,,,,
1237766400,,,,,,
1248393600,,,,,,
1248393600,,,,,,
1248307200,,,,,,
1248307200,,,,,,
1248393600,,,,,,
1248307200,,,,,,
1248393600,,,,,,
1248307200,,,,,,
1248480000,,,,,,
1235174400,,,,,,
1248393600,,,,,,
1248134400,,,,,,
1246924800,,,,,,
1257379200,,,,,,
1248307200,,,,,,
1253491200,,,,,,
1257379200,,,,,,
1248307200,,,,,,
1257292800,,,,,,
1248393600,,,,,,
1248393600,,,,,,
1257292800,,,,,,
1257552000,,,,,,
1248220800,,,,,,
1248220800,,,,,,
1257465600,,,,,,
1228953600,,,,,,
1257379200,,,,,,
1248393600,,,,,,
1199836800,,,,,,
1257379200,,,,,,
1247356800,,,,,,
1247616000,,,,,,
1257465600,,,,,,
1257379200,,,,,,
1257379200,,,,,,
1248393600,,,,,,
1257379200,,,,,,
1248220800,,,,,,
1257465600,,,,,,
1125532800,,,,,,
1254873600,,,,,,
1248393600,,,,,,
1257379200,,,,,,
1248393600,,,,,,
1251849600,,,,,,
1257379200,,,,,,
1233878400,,,,,,
1190073600,,,,,,
1252424400,,,,,,
1237024800,,,,,,
1257465600,,,,,,
1257465600,,,,,,
1257724800,,,,,,
1097625600,,,,,,
1109808000,,,,,,
1256601600,,,,,,
1257465600,,,,,,
1256083200,,,,,,
1257465600,,,,,,
693238260,,,,,,
1131805080,,,,,,
1256428800,,,,,,
1255132800,,,,,,
1257465600,,,,,,
1257379200,,,,,,
1257465600,,,,,,
1212624000,,,,,,
1257292800,,,,,,
1255132800,,,,,,
1248739200,,,,,,
1255132800,,,,,,
1241481600,,,,,,
1259539200,,,,,,
1266624000,,,,,,
1265846400,,,,,,
1265760000,,,,,,
1255132800,,,,,,
1265932800,,,,,,
1258675200,,,,,,
1266019200,,,,,,
1255132800,,,,,,
1265760000,,,,,,
1257379200,,,,,,
1265932800,,,,,,
1244592000,,,,,,
1265760000,,,,,,
1257897600,,,,,,
1265068800,,,,,,
426531600,,,,,,
1265932800,,,,,,
1265068800,,,,,,
1241481600,,,,,,
1265760000,,,,,,
1265068800,,,,,,
1265760000,,,,,,
1255132800,,,,,,
1221846540,,,,,,
1265068800,,,,,,
1257897600,,,,,,
989971200,,,,,,
1265932800,,,,,,
1255132800,,,,,,
1257897600,,,,,,
1265846400,,,,,,
1265068800,,,,,,
1265846400,,,,,,
1258675200,,,,,,
1265760000,,,,,,
1223510400,,,,,,
1265932800,,,,,,
1257465600,,,,,,
1265846400,,,,,,
1265846400,,,,,,
1266019200,,,,,,
1266451200,,,,,,
1265932800,,,,,,
1256515200,,,,,,
1252540800,,,,,,
1265846400,,,,,,
1265932800,,,,,,
1265846400,,,,,,
1265846400,,,,,,
1266019200,,,,,,
1234224000,,,,,,
1268237040,,,,,,
1270771200,,,,,,
1170374400,,,,,,
1265846400,,,,,,
1266105600,,,,,,
1265760000,,,,,,
1257379200,,,,,,
1265932800,,,,,,
1270684800,,,,,,
1266019200,,,,,,
1265760000,,,,,,
1265932800,,,,,,
1253145600,,,,,,
1270771200,,,,,,
1257503160,,,,,,
1265760000,,,,,,
1265932800,,,,,,
1265932800,,,,,,
1270857600,,,,,,
1267833600,,,,,,
1265932800,,,,,,
74649600,,,,,,
1265760000,,,,,,
1265760000,,,,,,
1270857600,,,,,,
1270857600,,,,,,
1274400000,,,,,,
1265414400,,,,,,
1271116800,,,,,,
1265760000,,,,,,
1265328000,,,,,,
1248307200,,,,,,
1270857600,,,,,,
1265846400,,,,,,
1271376000,,,,,,
1265932800,,,,,,
1271635200,,,,,,
1271116800,,,,,,
1265846400,,,,,,
1265760000,,,,,,
1271635200,,,,,,
1265932800,,,,,,
1265932800,,,,,,
1265760000,,,,,,
1265760000,,,,,,
1271289600,,,,,,
1268438400,,,,,,
1257984000,,,,,,
1265932800,,,,,,
1265932800,,,,,,
1272153600,,,,,,
1257897600,,,,,,
1265932800,,,,,,
1277164800,,,,,,
1264464000,,,,,,
1270857600,,,,,,
1265846400,,,,,,
1265932800,,,,,,
1265932800,,,,,,
1273190400,,,,,,
1265846400,,,,,,
1277078400,,,,,,
1277683200,,,,,,
1278979200,,,,,,
1279065600,,,,,,
1279065600,,,,,,
1279238400,,,,,,
1278979200,,,,,,
1279152000,,,,,,
1279238400,,,,,,
1265903160,,,,,,
1279152000,,,,,,
1277683200,,,,,,
1273881600,,,,,,
1271203200,,,,,,
1279238400,,,,,,
1279152000,,,,,,
1278633600,,,,,,
1279152000,,,,,,
1259712000,,,,,,
1278633600,,,,,,
1279152000,,,,,,
1279238400,,,,,,
1280361600,,,,,,
1278633600,,,,,,
1279065600,,,,,,
1282176000,,,,,,
1271030400,,,,,,
1277683200,,,,,,
1279152000,,,,,,
1279238400,,,,,,
1279238400,,,,,,
1257292800,,,,,,
1279152000,,,,,,
1279152000,,,,,,
1279152000,,,,,,
1257465600,,,,,,
1255132800,,,,,,
1267142400,,,,,,
1157673600,,,,,,
1271289600,,,,,,
1279152000,,,,,,
1279152000,,,,,,
1277078400,,,,,,
1278633600,,,,,,
1278633600,,,,,,
1279152000,,,,,,
1279152000,,,,,,
1279152000,,,,,,
1265068800,,,,,,
1278633600,,,,,,
1253232000,,,,,,
1276560000,,,,,,
1279238400,,,,,,
1279152000,,,,,,
1284940800,,,,,,
1278633600,,,,,,
1279152000,,,,,,
1271376000,,,,,,
1284940800,,,,,,
1265932800,,,,,,
1279152000,,,,,,
1284940800,,,,,,
1278979200,,,,,,
1255046400,,,,,,
1278633600,,,,,,
1286841600,,,,,,
1279065600,,,,,,
1279238400,,,,,,
1271376000,,,,,,
1279152000,,,,,,
1265932800,,,,,,
1257120000,,,,,,
1278633600,,,,,,
1270598400,,,,,,
1272240000,,,,,,
1279065600,,,,,,
1279065600,,,,,,
1279065600,,,,,,
1271376000,,,,,,
1279238400,,,,,,
1265760000,,,,,,
1279238400,,,,,,
1279152000,,,,,,
1284854400,,,,,,
1279238400,,,,,,
1279152000,,,,,,
1278633600,,,,,,
1265760000,,,,,,
1272499200,,,,,,
1279152000,,,,,,
1271376000,,,,,,
1273708800,,,,,,
1279238400,,,,,,
1287360000,,,,,,
1286841600,,,,,,
1282953600,,,,,,
1287273600,,,,,,
1279065600,,,,,,
1275609600,,,,,,
1279152000,,,,,,
1291766400,,,,,,
1291680000,,,,,,
1291766400,,,,,,
1291680000,,,,,,
1288915200,,,,,,
1291766400,,,,,,
1274486400,,,,,,
1287014400,,,,,,
1291766400,,,,,,
1291766400,,,,,,
1284076800,,,,,,
1275782400,,,,,,
1290038400,,,,,,
1291680000,,,,,,
1286668800,,,,,,
1288915200,,,,,,
1291766400,,,,,,
1285804800,,,,,,
1291766400,,,,,,
1291766400,,,,,,
1289433600,,,,,,
1291766400,,,,,,
1287619200,,,,,,
1291766400,,,,,,
1287964800,,,,,,
1289692800,,,,,,
1290211200,,,,,,
1291766400,,,,,,
1286668800,,,,,,
1286668800,,,,,,
1291680000,,,,,,
1316736000,,,,,,
1286668800,,,,,,
1291766400,,,,,,
1294531200,,,,,,
1291766400,,,,,,
1278806400,,,,,,
1291766400,,,,,,
1275004800,,,,,,
1291766400,,,,,,
1291766400,,,,,,
1289347200,,,,,,
1275609600,,,,,,
1290038400,,,,,,
1286841600,,,,,,
1291766400,,,,,,
1294444800,,,,,,
1291766400,,,,,,
1288828800,,,,,,
1279065600,,,,,,
1291766400,,,,,,
1288051200,,,,,,
1291766400,,,,,,
1299024000,,,,,,
1299024000,,,,,,
1299196800,,,,,,
1299110400,,,,,,
1299110400,,,,,,
1291939200,,,,,,
1299024000,,,,,,
1299196800,,,,,,
1288828800,,,,,,
1298937600,,,,,,
1298937600,,,,,,
1299024000,,,,,,
1286668800,,,,,,
1299110400,,,,,,
1291420800,,,,,,
1299024000,,,,,,
1289433600,,,,,,
1299024000,,,,,,
1289433600,,,,,,
1291420800,,,,,,
1299110400,,,,,,
1298937600,,,,,,
1299024000,,,,,,
1298937600,,,,,,
1299024000,,,,,,
1299196800,,,,,,
1290038400,,,,,,
1299024000,,,,,,
1299110400,,,,,,
1291334400,,,,,,
1288828800,,,,,,
1299196800,,,,,,
1286668800,,,,,,
1299196800,,,,,,
1298937600,,,,,,
1291680000,,,,,,
1286668800,,,,,,
1299196800,,,,,,
1299196800,,,,,,
1291766400,,,,,,
1299196800,,,,,,
1299024000,,,,,,
1286668800,,,,,,
1294963200,,,,,,
1299024000,,,,,,
1291852800,,,,,,
1299110400,,,,,,
1292112000,,,,,,
1299024000,,,,,,
1299024000,,,,,,
1294963200,,,,,,
1299024000,,,,,,
1299024000,,,,,,
1299110400,,,,,,
1299024000,,,,,,
1299024000,,,,,,
1294963200,,,,,,
1299110400,,,,,,
1299024000,,,,,,
1299024000,,,,,,
1299110400,,,,,,
1107302400,,,,,,
1303948800,,,,,,
1299024000,,,,,,
1299110400,,,,,,
1291420800,,,,,,
1299110400,,,,,,
1299024000,,,,,,
1254787200,,,,,,
1299196800,,,,,,
1276214400,,,,,,
1299024000,,,,,,
1299110400,,,,,,
1305331200,,,,,,
1299196800,,,,,,
1299110400,,,,,,
1299110400,,,,,,
1292371200,,,,,,
1299110400,,,,,,
1301875200,,,,,,
1299110400,,,,,,
1294444800,,,,,,
1299110400,,,,,,
1306195200,,,,,,
1299024000,,,,,,
1299110400,,,,,,
1299110400,,,,,,
1172880000,,,,,,
1305676800,,,,,,
1306195200,,,,,,
1288569600,,,,,,
1299024000,,,,,,
1301875200,,,,,,
1299110400,,,,,,
1299110400,,,,,,
1299110400,,,,,,
1305676800,,,,,,
1291161600,,,,,,
1299024000,,,,,,
1310428800,,,,,,
1310428800,,,,,,
1310515200,,,,,,
1310515200,,,,,,
1310601600,,,,,,
1310515200,,,,,,
1310515200,,,,,,
1310688000,,,,,,
1310688000,,,,,,
1310428800,,,,,,
1310515200,,,,,,
1310601600,,,,,,
1310342400,,,,,,
1310342400,,,,,,
1310515200,,,,,,
1310515200,,,,,,
1310601600,,,,,,
1298937600,,,,,,
1291420800,,,,,,
1310428800,,,,,,
1309219200,,,,,,
1310688000,,,,,,
1310342400,,,,,,
1310601600,,,,,,
1298937600,,,,,,
1310601600,,,,,,
1310515200,,,,,,
1298505600,,,,,,
1291334400,,,,,,
1299024000,,,,,,
1264809600,,,,,,
1310515200,,,,,,
1310428800,,,,,,
1310428800,,,,,,
1310515200,,,,,,
1299024000,,,,,,
1309910400,,,,,,
1291334400,,,,,,
1289865600,,,,,,
1310601600,,,,,,
1311465600,,,,,,
1310601600,,,,,,
1310601600,,,,,,
1299110400,,,,,,
1310601600,,,,,,
1310428800,,,,,,
1310601600,,,,,,
1310515200,,,,,,
1310428800,,,,,,
1310515200,,,,,,
1298073600,,,,,,
1298937600,,,,,,
1118534400,,,,,,
1310601600,,,,,,
1310515200,,,,,,
1310515200,,,,,,
1305676800,,,,,,
1310342400,,,,,,
1310515200,,,,,,
1310601600,,,,,,
1310601600,,,,,,
1310515200,,,,,,
1264809600,,,,,,
1310601600,,,,,,
1310342400,,,,,,
1310428800,,,,,,
1319155200,,,,,,
1310601600,,,,,,
1306368000,,,,,,
1298937600,,,,,,
1310601600,,,,,,
1310515200,,,,,,
1310688000,,,,,,
1310515200,,,,,,
1310515200,,,,,,
1301702400,,,,,,
1300665600,,,,,,
1305676800,,,,,,
1310601600,,,,,,
1310601600,,,,,,
1310515200,,,,,,
1305072000,,,,,,
1299024000,,,,,,
1299110400,,,,,,
1291248000,,,,,,
1310515200,,,,,,
1319241600,,,,,,
1310515200,,,,,,
1310515200,,,,,,
1306886400,,,,,,
1301702400,,,,,,
1315180800,,,,,,
1310515200,,,,,,
1306195200,,,,,,
1306108800,,,,,,
1305763200,,,,,,
1299196800,,,,,,
1310428800,,,,,,
1321920000,,,,,,
1319760000,,,,,,
1320796800,,,,,,
1316822400,,,,,,
1304899200,,,,,,
1322006400,,,,,,
1301788800,,,,,,
1266710400,,,,,,
1319414400,,,,,,
1320796800,,,,,,
1317686400,,,,,,
1301616000,,,,,,
1310428800,,,,,,
1319760000,,,,,,
1310601600,,,,,,
1298937600,,,,,,
1305244800,,,,,,
1315612800,,,,,,
1316822400,,,,,,
1299024000,,,,,,
1318377600,,,,,,
1320796800,,,,,,
1310515200,,,,,,
1322352000,,,,,,
1319760000,,,,,,
1323216000,,,,,,
1325030400,,,,,,
1320883200,,,,,,
1286928000,,,,,,
1309219200,,,,,,
1257724800,,,,,,
1323302400,,,,,,
1320969600,,,,,,
1306540800,,,,,,
1322697600,,,,,,
1301616000,,,,,,
1321920000,,,,,,
1310601600,,,,,,
1310515200,,,,,,
1321488000,,,,,,
1326758400,,,,,,
1320796800,,,,,,
1315872000,,,,,,
1313539200,,,,,,
1320278400,,,,,,
1320883200,,,,,,
1319760000,,,,,,
1320969600,,,,,,
1322784000,,,,,,
1304899200,,,,,,
1309219200,,,,,,
1322179200,,,,,,
1319500800,,,,,,
1305072000,,,,,,
1322784000,,,,,,
761702400,,,,,,
1270598400,,,,,,
1312588800,,,,,,
1320969600,,,,,,
1320969600,,,,,,
1316822400,,,,,,
1291248000,,,,,,
1320969600,,,,,,
1320710400,,,,,,
1285200000,,,,,,
1303516800,,,,,,
1291248000,,,,,,
1320969600,,,,,,
1289001600,,,,,,
1301875200,,,,,,
1269820800,,,,,,
1322352000,,,,,,
1321660800,,,,,,
1320969600,,,,,,
1310515200,,,,,,
1324339200,,,,,,
1323388800,,,,,,
1320796800,,,,,,
1322697600,,,,,,
1319846400,,,,,,
1321142400,,,,,,
1321660800,,,,,,
1310601600,,,,,,
1270857600,,,,,,
1330387200,,,,,,
1330387200,,,,,,
1330473600,,,,,,
1330387200,,,,,,
1330560000,,,,,,
1330387200,,,,,,
1330473600,,,,,,
1330473600,,,,,,
1330560000,,,,,,
1320969600,,,,,,
1321056000,,,,,,
1321488000,,,,,,
1331510400,,,,,,
1331510400,,,,,,
1320192000,,,,,,
1330473600,,,,,,
1330560000,,,,,,
1330646400,,,,,,
1321660800,,,,,,
1320969600,,,,,,
1330560000,,,,,,
1322697600,,,,,,
1330560000,,,,,,
1330387200,,,,,,
1321056000,,,,,,
1321056000,,,,,,
1330560000,,,,,,
1330560000,,,,,,
1330646400,,,,,,
1330300800,,,,,,
1330560000,,,,,,
1321660800,,,,,,
1331424000,,,,,,
1333324800,,,,,,
1330473600,,,,,,
1330560000,,,,,,
1330473600,,,,,,
1330300800,,,,,,
1320969600,,,,,,
1286928000,,,,,,
1330473600,,,,,,
1320364800,,,,,,
1333584000,,,,,,
1318291200,,,,,,
1330300800,,,,,,
1330560000,,,,,,
1330387200,,,,,,
1320883200,,,,,,
1323129600,,,,,,
1330300800,,,,,,
1330300800,,,,,,
1321574400,,,,,,
1335312000,,,,,,
1330473600,,,,,,
1330473600,,,,,,
1333152000,,,,,,
1320969600,,,,,,
1330560000,,,,,,
1332374400,,,,,,
1330560000,,,,,,
1330473600,,,,,,
1322870400,,,,,,
1333152000,,,,,,
1320969600,,,,,,
1330560000,,,,,,
1333929600,,,,,,
1330560000,,,,,,
1330473600,,,,,,
1330387200,,,,,,
1322870400,,,,,,
1333324800,,,,,,
1330473600,,,,,,
1330300800,,,,,,
1330560000,,,,,,
1330387200,,,,,,
1330560000,,,,,,
1328918400,,,,,,
1334707200,,,,,,
1330300800,,,,,,
1334534400,,,,,,
1330560000,,,,,,
1334707200,,,,,,
1330473600,,,,,,
1331510400,,,,,,
1328313600,,,,,,
1334534400,,,,,,
1334793600,,,,,,
1321401600,,,,,,
1330387200,,,,,,
1334361600,,,,,,
1335484800,,,,,,
1335398400,,,,,,
1334102400,,,,,,
1330387200,,,,,,
1330300800,,,,,,
1330560000,,,,,,
1315612800,,,,,,
1330560000,,,,,,
1334102400,,,,,,
1336608000,,,,,,
1330560000,,,,,,
1336521600,,,,,,
1336089600,,,,,,
1315612800,,,,,,
1328918400,,,,,,
1334102400,,,,,,
1330560000,,,,,,
1330387200,,,,,,
1334620800,,,,,,
1322870400,,,,,,
1335484800,,,,,,
1334793600,,,,,,
1334793600,,,,,,
1340668800,,,,,,
1340668800,,,,,,
1340755200,,,,,,
1341014400,,,,,,
1340582400,,,,,,
1334534400,,,,,,
1340582400,,,,,,
1340841600,,,,,,
1340841600,,,,,,
1334534400,,,,,,
1337385600,,,,,,
1340841600,,,,,,
1330560000,,,,,,
1328918400,,,,,,
1330300800,,,,,,
1340928000,,,,,,
1340755200,,,,,,
1337385600,,,,,,
1340668800,,,,,,
1340755200,,,,,,
1332547200,,,,,,
1334793600,,,,,,
1340668800,,,,,,
1340755200,,,,,,
1336608000,,,,,,
1340841600,,,,,,
1340755200,,,,,,
1340323200,,,,,,
1331337600,,,,,,
1340928000,,,,,,
1328054400,,,,,,
1340668800,,,,,,
1340668800,,,,,,
1337385600,,,,,,
1338681600,,,,,,
1334880000,,,,,,
1340928000,,,,,,
1340668800,,,,,,
1336608000,,,,,,
1340928000,,,,,,
1327190400,,,,,,
1340323200,,,,,,
1340841600,,,,,,
1340323200,,,,,,
1330560000,,,,,,
1340323200,,,,,,
1340668800,,,,,,
1340841600,,,,,,
1340755200,,,,,,
1340668800,,,,,,
1340755200,,,,,,
1340323200,,,,,,
1336089600,,,,,,
1340755200,,,,,,
1340668800,,,,,,
1340841600,,,,,,
1340755200,,,,,,
1340755200,,,,,,
1336608000,,,,,,
1340582400,,,,,,
1340668800,,,,,,
1340755200,,,,,,
1334880000,,,,,,
1334102400,,,,,,
1340668800,,,,,,
1338768000,,,,,,
1340755200,,,,,,
1340668800,,,,,,
1348617600,,,,,,
1338854400,,,,,,
1340582400,,,,,,
1346544000,,,,,,
1340755200,,,,,,
1340668800,,,,,,
1334448000,,,,,,
1340668800,,,,,,
1340668800,,,,,,
1330560000,,,,,,
1340582400,,,,,,
1340668800,,,,,,
1340668800,,,,,,
1340668800,,,,,,
1340928000,,,,,,
1340668800,,,,,,
1340928000,,,,,,
1340668800,,,,,,
1340841600,,,,,,
1340668800,,,,,,
1340841600,,,,,,
1336694400,,,,,,
1340323200,,,,,,
1336089600,,,,,,
1340841600,,,,,,
1339459200,,,,,,
1340668800,,,,,,
1348272000,,,,,,
1321228800,,,,,,
1335052800,,,,,,
1320969600,,,,,,
1324425600,,,,,,
1334016000,,,,,,
1336608000,,,,,,
1347494400,,,,,,
1330473600,,,,,,
1337472000,,,,,,
1339027200,,,,,,
1321660800,,,,,,
1340668800,,,,,,
1340323200,,,,,,
1340323200,,,,,,
1339027200,,,,,,
1307750400,,,,,,
1343001600,,,,,,
1346457600,,,,,,
1347494400,,,,,,
1349049600,,,,,,
1336176000,,,,,,
1340755200,,,,,,
1348876800,,,,,,
1336003200,,,,,,
1339027200,,,,,,
1340668800,,,,,,
1321660800,,,,,,
1351123200,,,,,,
1352246400,,,,,,
1335052800,,,,,,
1345680000,,,,,,
1352246400,,,,,,
1342224000,,,,,,
1352246400,,,,,,
1330473600,,,,,,
1355702400,,,,,,
1346889600,,,,,,
1340841600,,,,,,
1352246400,,,,,,
1330387200,,,,,,
1355875200,,,,,,
1354320000,,,,,,
1350000000,,,,,,
1336176000,,,,,,
1353024000,,,,,,
1354233600,,,,,,
1340323200,,,,,,
1351296000,,,,,,
1330819200,,,,,,
1353110400,,,,,,
1354320000,,,,,,
1351209600,,,,,,
1353110400,,,,,,
1352505600,,,,,,
1352332800,,,,,,
1353110400,,,,,,
1354320000,,,,,,
1335052800,,,,,,
1358985600,,,,,,
1354320000,,,,,,
1353110400,,,,,,
1330646400,,,,,,
1340668800,,,,,,
1336780800,,,,,,
1354320000,,,,,,
1349395200,,,,,,
1351123200,,,,,,
1360540800,,,,,,
1279929600,,,,,,
1334102400,,,,,,
1340409600,,,,,,
1355270400,,,,,,
1342224000,,,,,,
1358467200,,,,,,
1360540800,,,,,,
1358985600,,,,,,
1361836800,,,,,,
1361836800,,,,,,
1361923200,,,,,,
1362009600,,,,,,
1361836800,,,,,,
1362009600,,,,,,
1351209600,,,,,,
1362009600,,,,,,
1362096000,,,,,,
1358467200,,,,,,
1361836800,,,,,,
1361836800,,,,,,
1342051200,,,,,,
1361923200,,,,,,
1362009600,,,,,,
1362009600,,,,,,
1334188800,,,,,,
1362096000,,,,,,
1361750400,,,,,,
1362009600,,,,,,
1361923200,,,,,,
1358467200,,,,,,
1353110400,,,,,,
1362009600,,,,,,
1361923200,,,,,,
1361923200,,,,,,
1361750400,,,,,,
1360454400,,,,,,
1362009600,,,,,,
1361836800,,,,,,
1351036800,,,,,,
1364342400,,,,,,
1340064000,,,,,,
1361923200,,,,,,
1358467200,,,,,,
1362096000,,,,,,
1358467200,,,,,,
1361923200,,,,,,
1362009600,,,,,,
1361836800,,,,,,
1361836800,,,,,,
1362009600,,,,,,
1365379200,,,,,,
1361750400,,,,,,
1361836800,,,,,,
1361923200,,,,,,
1361836800,,,,,,
1361836800,,,,,,
1367884800,,,,,,
1347580800,,,,,,
1361836800,,,,,,
1367884800,,,,,,
1366156800,,,,,,
1367884800,,,,,,
1367884800,,,,,,
1367884800,,,,,,
1365033600,,,,,,
1366675200,,,,,,
1362009600,,,,,,
1365292800,,,,,,
1362009600,,,,,,
1366761600,,,,,,
1361923200,,,,,,
1362096000,,,,,,
1361836800,,,,,,
1361923200,,,,,,
1361923200,,,,,,
1361923200,,,,,,
1368662400,,,,,,
1354233600,,,,,,
1363305600,,,,,,
1362009600,,,,,,
1366761600,,,,,,
1362009600,,,,,,
1362009600,,,,,,
1361923200,,,,,,
1361923200,,,,,,
1362009600,,,,,,
1370822400,,,,,,
1370908800,,,,,,
1370908800,,,,,,
1370908800,,,,,,
1370908800,,,,,,
1370908800,,,,,,
1371081600,,,,,,
1367625600,,,,,,
1362009600,,,,,,
1370995200,,,,,,
1365120000,,,,,,
1368662400,,,,,,
1363305600,,,,,,
1361836800,,,,,,
1370995200,,,,,,
1360368000,,,,,,
1361923200,,,,,,
1361836800,,,,,,
1371168000,,,,,,
1361923200,,,,,,
1362009600,,,,,,
1361923200,,,,,,
1330646400,,,,,,
1370995200,,,,,,
1371081600,,,,,,
1371686400,,,,,,
1362009600,,,,,,
1367625600,,,,,,
1367971200,,,,,,
1361923200,,,,,,
1370908800,,,,,,
1371859200,,,,,,
1342051200,,,,,,
1370822400,,,,,,
1366070400,,,,,,
1299024000,,,,,,
1366243200,,,,,,
1361836800,,,,,,
1361577600,,,,,,
1361923200,,,,,,
1362009600,,,,,,
1362009600,,,,,,
1362096000,,,,,,
1363910400,,,,,,
1367366400,,,,,,
1371081600,,,,,,
1372118400,,,,,,
1371859200,,,,,,
1361923200,,,,,,
1370908800,,,,,,
1371859200,,,,,,
1371081600,,,,,,
1373241600,,,,,,
1368662400,,,,,,
1373241600,,,,,,
1371859200,,,,,,
1370995200,,,,,,
1362009600,,,,,,
1370995200,,,,,,
1362009600,,,,,,
1371081600,,,,,,
1371772800,,,,,,
1370908800,,,,,,
1362009600,,,,,,
1372118400,,,,,,
1362096000,,,,,,
1367712000,,,,,,
1379548800,,,,,,
1366156800,,,,,,
1365638400,,,,,,
1370995200,,,,,,
1362009600,,,,,,
1371168000,,,,,,
1371168000,,,,,,
1379635200,,,,,,
1372204800,,,,,,
1366156800,,,,,,
1373846400,,,,,,
1379635200,,,,,,
1366243200,,,,,,
1380326400,,,,,,
1371168000,,,,,,
1370908800,,,,,,
1371168000,,,,,,
1371081600,,,,,,
1374710400,,,,,,
1367539200,,,,,,
1370908800,,,,,,
1372204800,,,,,,
1380758400,,,,,,
1371168000,,,,,,
1370995200,,,,,,
1362009600,,,,,,
1380585600,,,,,,
1379635200,,,,,,
1371081600,,,,,,
1382918400,,,,,,
1370995200,,,,,,
1371081600,,,,,,
1381449600,,,,,,
1379635200,,,,,,
1381363200,,,,,,
1370908800,,,,,,
1370908800,,,,,,
1370995200,,,,,,
1382745600,,,,,,
1370908800,,,,,,
1370822400,,,,,,
1363219200,,,,,,
1370995200,,,,,,
1372118400,,,,,,
1370995200,,,,,,
1372118400,,,,,,
1381708800,,,,,,
1361750400,,,,,,
1379635200,,,,,,
1386201600,,,,,,
1379635200,,,,,,
1384560000,,,,,,
1374105600,,,,,,
1382054400,,,,,,
1381449600,,,,,,
1383091200,,,,,,
1382486400,,,,,,
1386201600,,,,,,
1380672000,,,,,,
1386201600,,,,,,
1365379200,,,,,,
1386115200,,,,,,
1355788800,,,,,,
1383696000,,,,,,
1370908800,,,,,,
1371600000,,,,,,
1383091200,,,,,,
1381363200,,,,,,
1371600000,,,,,,
1386201600,,,,,,
1381881600,,,,,,
1381795200,,,,,,
1371081600,,,,,,
1386201600,,,,,,
1382400000,,,,,,
1384732800,,,,,,
1371168000,,,,,,
1383091200,,,,,,
1385164800,,,,,,
1380758400,,,,,,
1386201600,,,,,,
1386201600,,,,,,
1383091200,,,,,,
1370995200,,,,,,
1385424000,,,,,,
1375747200,,,,,,
1371686400,,,,,,
1362009600,,,,,,
1385424000,,,,,,
1386201600,,,,,,
1350000000,,,,,,
1372291200,,,,,,
1383091200,,,,,,
1362009600,,,,,,
1379030400,,,,,,
1373846400,,,,,,
1379635200,,,,,,
1383696000,,,,,,
1384819200,,,,,,
1370563200,,,,,,
1363046400,,,,,,
1384128000,,,,,,
1376265600,,,,,,
1376870400,,,,,,
1340668800,,,,,,
1361923200,,,,,,
1370908800,,,,,,
1374019200,,,,,,
1370995200,,,,,,
1329609600,,,,,,
1361923200,,,,,,
1395100800,,,,,,
1395100800,,,,,,
1395100800,,,,,,
1395273600,,,,,,
1395273600,,,,,,
1395014400,,,,,,
1395100800,,,,,,
1395273600,,,,,,
1394582400,,,,,,
1394582400,,,,,,
1395187200,,,,,,
1396310400,,,,,,
1395100800,,,,,,
1395100800,,,,,,
1380585600,,,,,,
1395273600,,,,,,
1395273600,,,,,,
1381190400,,,,,,
1395187200,,,,,,
1395014400,,,,,,
1395360000,,,,,,
1395187200,,,,,,
1395360000,,,,,,
1385510400,,,,,,
1395187200,,,,,,
1395100800,,,,,,
1395273600,,,,,,
1395273600,,,,,,
1381708800,,,,,,
1376956800,,,,,,
1395187200,,,,,,
1395273600,,,,,,
1395273600,,,,,,
1395014400,,,,,,
1394582400,,,,,,
1395360000,,,,,,
1395273600,,,,,,
1395273600,,,,,,
1395273600,,,,,,
1395273600,,,,,,
1395014400,,,,,,
1378684800,,,,,,
1395273600,,,,,,
1395100800,,,,,,
1379376000,,,,,,
1395705600,,,,,,
1394755200,,,,,,
1382659200,,,,,,
1394582400,,,,,,
1394496000,,,,,,
1389830400,,,,,,
1389830400,,,,,,
1395187200,,,,,,
1395014400,,,,,,
1395100800,,,,,,
1395100800,,,,,,
1395273600,,,,,,
1395100800,,,,,,
1371686400,,,,,,
1395100800,,,,,,
1394668800,,,,,,
1398470400,,,,,,
1395100800,,,,,,
1395014400,,,,,,
1371081600,,,,,,
1395273600,,,,,,
1400112000,,,,,,
1394841600,,,,,,
1400112000,,,,,,
1392163200,,,,,,
1395273600,,,,,,
1395273600,,,,,,
1396224000,,,,,,
1400716800,,,,,,
1399680000,,,,,,
1370822400,,,,,,
1381363200,,,,,,
1395273600,,,,,,
1403481600,,,,,,
1389744000,,,,,,
1401840000,,,,,,
1394755200,,,,,,
1395187200,,,,,,
1371081600,,,,,,
1395619200,,,,,,
1395360000,,,,,,
1395100800,,,,,,
1384214400,,,,,,
1395014400,,,,,,
1403481600,,,,,,
1395273600,,,,,,
1394755200,,,,,,
1395187200,,,,,,
1402272000,,,,,,
1395187200,,,,,,
1398470400,,,,,,
1392163200,,,,,,
1407283200,,,,,,
1394841600,,,,,,
1379635200,,,,,,
1404777600,,,,,,
1394582400,,,,,,
1395014400,,,,,,
1404777600,,,,,,
1405468800,,,,,,
1395014400,,,,,,
1394668800,,,,,,
1403481600,,,,,,
1403827200,,,,,,
1404777600,,,,,,
1404864000,,,,,,
1394668800,,,,,,
1395273600,,,,,,
1394928000,,,,,,
1351209600,,,,,,
1394582400,,,,,,
1404864000,,,,,,
1403481600,,,,,,
1395273600,,,,,,
1407369600,,,,,,
1395187200,,,,,,
1402704000,,,,,,
1394668800,,,,,,
1289174400,,,,,,
1410912000,,,,,,
1403481600,,,,,,
1394755200,,,,,,
1404777600,,,,,,
1395187200,,,,,,
1376438400,,,,,,
1384560000,,,,,,
1410307200,,,,,,
1394755200,,,,,,
1403568000,,,,,,
1403481600,,,,,,
1410912000,,,,,,
1412640000,,,,,,
1412640000,,,,,,
1412208000,,,,,,
1410998400,,,,,,
1410307200,,,,,,
1412812800,,,,,,
1412726400,,,,,,
1410739200,,,,,,
1411603200,,,,,,
1413936000,,,,,,
1404777600,,,,,,
1413158400,,,,,,
1410480000,,,,,,
1412899200,,,,,,
1406160000,,,,,,
1394496000,,,,,,
1410307200,,,,,,
1403481600,,,,,,
1412640000,,,,,,
1414368000,,,,,,
1410739200,,,,,,
1412812800,,,,,,
1412726400,,,,,,
1410998400,,,,,,
1412726400,,,,,,
1413331200,,,,,,
1410998400,,,,,,
1412812800,,,,,,
1381968000,,,,,,
1395273600,,,,,,
1412208000,,,,,,
1413244800,,,,,,
1410220800,,,,,,
1412899200,,,,,,
1414800000,,,,,,
1407801600,,,,,,
1413244800,,,,,,
1395273600,,,,,,
1413763200,,,,,,
1410825600,,,,,,
1413849600,,,,,,
1412640000,,,,,,
1413244800,,,,,,
1408060800,,,,,,
1413244800,,,,,,
1413158400,,,,,,
1416009600,,,,,,
1417392000,,,,,,
1415664000,,,,,,
1412553600,,,,,,
1412553600,,,,,,
1416009600,,,,,,
1415836800,,,,,,
1412553600,,,,,,
1415577600,,,,,,
1395187200,,,,,,
1416009600,,,,,,
1413417600,,,,,,
1412812800,,,,,,
1412899200,,,,,,
1413158400,,,,,,
1412121600,,,,,,
1413504000,,,,,,
1416009600,,,,,,
1413849600,,,,,,
1416441600,,,,,,
1413331200,,,,,,
1413417600,,,,,,
1412985600,,,,,,
1412553600,,,,,,
1413158400,,,,,,
1418256000,,,,,,
1415145600,,,,,,
1370822400,,,,,,
1415059200,,,,,,
1416009600,,,,,,
1413417600,,,,,,
1416009600,,,,,,
1396569600,,,,,,
1415318400,,,,,,
1410307200,,,,,,
1413244800,,,,,,
1412553600,,,,,,
1415318400,,,,,,
1392854400,,,,,,
1413331200,,,,,,
1416441600,,,,,,
1414800000,,,,,,
1395273600,,,,,,
1413417600,,,,,,
1411516800,,,,,,
1392076800,,,,,,
1412726400,,,,,,
1414454400,,,,,,
1412553600,,,,,,
1394409600,,,,,,
1414800000,,,,,,
1369958400,,,,,,
1410480000,,,,,,
1418256000,,,,,,
1416355200,,,,,,
1426550400,,,,,,
1426464000,,,,,,
1426723200,,,,,,
1426550400,,,,,,
1425945600,,,,,,
1426550400,,,,,,
1426636800,,,,,,
1426636800,,,,,,
1413763200,,,,,,
1426550400,,,,,,
1426464000,,,,,,
1413763200,,,,,,
1426636800,,,,,,
1412640000,,,,,,
1412121600,,,,,,
1426550400,,,,,,
1426550400,,,,,,
1398470400,,,,,,
1427241600,,,,,,
1411862400,,,,,,
1426550400,,,,,,
1426550400,,,,,,
1426550400,,,,,,
1426550400,,,,,,
1426636800,,,,,,
1425945600,,,,,,
1416009600,,,,,,
1426636800,,,,,,
1426636800,,,,,,
1426809600,,,,,,
1426723200,,,,,,
1426636800,,,,,,
1426550400,,,,,,
1426636800,,,,,,
1426464000,,,,,,
1426636800,,,,,,
1426636800,,,,,,
1426636800,,,,,,
1427241600,,,,,,
1416528000,,,,,,
1426636800,,,,,,
1425945600,,,,,,
1427241600,,,,,,
1426723200,,,,,,
1426723200,,,,,,
1426723200,,,,,,
1418169600,,,,,,
1426636800,,,,,,
1412812800,,,,,,
1426723200,,,,,,
1425945600,,,,,,
1427241600,,,,,,
1426464000,,,,,,
1432857600,,,,,,
1426636800,,,,,,
1426723200,,,,,,
1426636800,,,,,,
1432771200,,,,,,
1432771200,,,,,,
1432771200,,,,,,
1426636800,,,,,,
1427068800,,,,,,
1427241600,,,,,,
1432771200,,,,,,
1431388800,,,,,,
1427241600,,,,,,
1426464000,,,,,,
1426809600,,,,,,
1432857600,,,,,,
1427155200,,,,,,
1432857600,,,,,,
1426550400,,,,,,
1432857600,,,,,,
1434412800,,,,,,
1411776000,,,,,,
1426723200,,,,,,
1432684800,,,,,,
1426636800,,,,,,
1370736000,,,,,,
1432771200,,,,,,
1434412800,,,,,,
1432857600,,,,,,
1353283200,,,,,,
1426464000,,,,,,
1434067200,,,,,,
1426550400,,,,,,
1432771200,,,,,,
1426550400,,,,,,
1426636800,,,,,,
1434067200,,,,,,
1426204800,,,,,,
1434412800,,,,,,
1426550400,,,,,,
1412899200,,,,,,
1434412800,,,,,,
1426636800,,,,,,
1432771200,,,,,,
1435708800,,,,,,
1412812800,,,,,,
1432771200,,,,,,
1434412800,,,,,,
1426550400,,,,,,
1426550400,,,,,,
1395187200,,,,,,
1426809600,,,,,,
1432771200,,,,,,
1426464000,,,,,,
1432857600,,,,,,
1432857600,,,,,,
1440028800,,,,,,
1349827200,,,,,,
1432771200,,,,,,
1434412800,,,,,,
1432771200,,,,,,
1432857600,,,,,,
1435622400,,,,,,
1412640000,,,,,,
1426896000,,,,,,
1440806400,,,,,,
1429315200,,,,,,
1434412800,,,,,,
1426636800,,,,,,
1426723200,,,,,,
1435622400,,,,,,
1426723200,,,,,,
1443484800,,,,,,
1428796800,,,,,,
1411171200,,,,,,
1443484800,,,,,,
1440720000,,,,,,
1440720000,,,,,,
1443484800,,,,,,
1432080000,,,,,,
1443484800,,,,,,
1443484800,,,,,,
1440547200,,,,,,
1440720000,,,,,,
1443484800,,,,,,
1443484800,,,,,,
1432684800,,,,,,
1432339200,,,,,,
1440547200,,,,,,
1443484800,,,,,,
1432684800,,,,,,
1432684800,,,,,,
1422489600,,,,,,
1440547200,,,,,,
1427500800,,,,,,
1444867200,,,,,,
1432684800,,,,,,
1444435200,,,,,,
1444435200,,,,,,
1440547200,,,,,,
1443484800,,,,,,
1441152000,,,,,,
1426464000,,,,,,
1444435200,,,,,,
1445040000,,,,,,
1444867200,,,,,,
1363392000,,,,,,
1440547200,,,,,,
1447459200,,,,,,
1447459200,,,,,,
1447459200,,,,,,
1444435200,,,,,,
1426464000,,,,,,
1416441600,,,,,,
1432684800,,,,,,
1449532800,,,,,,
1434412800,,,,,,
1444435200,,,,,,
1447459200,,,,,,
1449532800,,,,,,
1434585600,,,,,,
1426464000,,,,,,
1442448000,,,,,,
1449532800,,,,,,
1443484800,,,,,,
1443139200,,,,,,
1449532800,,,,,,
1443484800,,,,,,
1447459200,,,,,,
1449532800,,,,,,
1432080000,,,,,,
1432684800,,,,,,
1449532800,,,,,,
1449532800,,,,,,
1444435200,,,,,,
1416009600,,,,,,
1449532800,,,,,,
1443484800,,,,,,
1444348800,,,,,,
1412553600,,,,,,
1447804800,,,,,,
1432684800,,,,,,
1447459200,,,,,,
1449532800,,,,,,
1444348800,,,,,,
1446249600,,,,,,
1444435200,,,,,,
1447804800,,,,,,
1449532800,,,,,,
1430438400,,,,,,
1455494400,,,,,,
1455494400,,,,,,
1455494400,,,,,,
1455667200,,,,,,
1455494400,,,,,,
1446508800,,,,,,
1447804800,,,,,,
1447459200,,,,,,
1444435200,,,,,,
1447459200,,,,,,
1447804800,,,,,,
1455494400,,,,,,
1455494400,,,,,,
1455667200,,,,,,
1449532800,,,,,,
1417392000,,,,,,
1424995200,,,,,,
1455840000,,,,,,
1455840000,,,,,,
1455580800,,,,,,
1455580800,,,,,,
1455494400,,,,,,
1455494400,,,,,,
1455667200,,,,,,
1455753600,,,,,,
1447459200,,,,,,
1446681600,,,,,,
1455753600,,,,,,
1455753600,,,,,,
1455753600,,,,,,
1455667200,,,,,,
1447459200,,,,,,
1435622400,,,,,,
1455580800,,,,,,
1455580800,,,,,,
1455667200,,,,,,
1446681600,,,,,,
1455580800,,,,,,
1459814400,,,,,,
1455667200,,,,,,
1455667200,,,,,,
1426464000,,,,,,
1446681600,,,,,,
1455494400,,,,,,
1455667200,,,,,,
1455667200,,,,,,
1458777600,,,,,,
1426723200,,,,,,
1446768000,,,,,,
1432857600,,,,,,
1455580800,,,,,,
1455494400,,,,,,
1455494400,,,,,,
1455753600,,,,,,
1446508800,,,,,,
1455494400,,,,,,
1447804800,,,,,,
1455753600,,,,,,
1455494400,,,,,,
1455753600,,,,,,
1444348800,,,,,,
1455667200,,,,,,
1455753600,,,,,,
1455494400,,,,,,
1446768000,,,,,,
1455753600,,,,,,
1455494400,,,,,,
1446595200,,,,,,
1454112000,,,,,,
1455494400,,,,,,
1455753600,,,,,,
1455753600,,,,,,
1446768000,,,,,,
1455580800,,,,,,
1446508800,,,,,,
1455840000,,,,,,
1446595200,,,,,,
1455580800,,,,,,
1455840000,,,,,,
1455580800,,,,,,
1455667200,,,,,,
1455667200,,,,,,
1456617600,,,,,,
1455494400,,,,,,
1455667200,,,,,,
1446595200,,,,,,
1455494400,,,,,,
1455753600,,,,,,
1417392000,,,,,,
1464048000,,,,,,
1455494400,,,,,,
1463529600,,,,,,
1455580800,,,,,,
1455667200,,,,,,
1455580800,,,,,,
1463529600,,,,,,
1456617600,,,,,,
1455494400,,,,,,
1455494400,,,,,,
1466899200,,,,,,
1467158400,,,,,,
1455494400,,,,,,
1443139200,,,,,,
1463529600,,,,,,
1446681600,,,,,,
1466899200,,,,,,
1463529600,,,,,,
1455580800,,,,,,
1463529600,,,,,,
1466899200,,,,,,
1466899200,,,,,,
1466899200,,,,,,
1467158400,,,,,,
1455494400,,,,,,
1463529600,,,,,,
1461369600,,,,,,
1466985600,,,,,,
1442620800,,,,,,
1467158400,,,,,,
1446768000,,,,,,
1466985600,,,,,,
1467158400,,,,,,
1443052800,,,,,,
1463702400,,,,,,
1378598400,,,,,,
1466985600,,,,,,
1467072000,,,,,,
1447804800,,,,,,
1467158400,,,,,,
1445040000,,,,,,
1455580800,,,,,,
1467158400,,,,,,
1467158400,,,,,,
1446422400,,,,,,
1455840000,,,,,,
1461456000,,,,,,
1455580800,,,,,,
1463529600,,,,,,
1446336000,,,,,,
1467072000,,,,,,
1455667200,,,,,,
1466899200,,,,,,
1473206400,,,,,,
1453507200,,,,,,
1446422400,,,,,,
1463529600,,,,,,
1467158400,,,,,,
1473206400,,,,,,
1464739200,,,,,,
1463529600,,,,,,
1466899200,,,,,,
1466985600,,,,,,
1466985600,,,,,,
1473206400,,,,,,
1461456000,,,,,,
1466899200,,,,,,
1462147200,,,,,,
1455580800,,,,,,
1467244800,,,,,,
1467244800,,,,,,
1447804800,,,,,,
1463529600,,,,,,
1446854400,,,,,,
1467158400,,,,,,
1447804800,,,,,,
1467158400,,,,,,
1460678400,,,,,,
1473206400,,,,,,
1473897600,,,,,,
1473465600,,,,,,
1447372800,,,,,,
1454716800,,,,,,
1455580800,,,,,,
1464048000,,,,,,
1467158400,,,,,,
1447459200,,,,,,
1473897600,,,,,,
1467072000,,,,,,
1455840000,,,,,,
1477612800,,,,,,
1477612800,,,,,,
1478044800,,,,,,
1468281600,,,,,,
1446595200,,,,,,
1477526400,,,,,,
1467158400,,,,,,
1477008000,,,,,,
1446422400,,,,,,
1422489600,,,,,,
1477526400,,,,,,
1466899200,,,,,,
1473465600,,,,,,
1467072000,,,,,,
1477526400,,,,,,
1460678400,,,,,,
1475625600,,,,,,
1473897600,,,,,,
1477526400,,,,,,
1445472000,,,,,,
1430524800,,,,,,
1477526400,,,,,,
1466208000,,,,,,
1442620800,,,,,,
1467158400,,,,,,
1473465600,,,,,,
1446422400,,,,,,
1477526400,,,,,,
1475107200,,,,,,
1477612800,,,,,,
1447459200,,,,,,
1477612800,,,,,,
1472947200,,,,,,
1479168000,,,,,,
1477612800,,,,,,
1446422400,,,,,,
1475884800,,,,,,
1447545600,,,,,,
1479168000,,,,,,
1479513600,,,,,,
1471564800,,,,,,
1477526400,,,,,,
1466985600,,,,,,
1477526400,,,,,,
1464048000,,,,,,
1474070400,,,,,,
1446249600,,,,,,
1477440000,,,,,,
1479168000,,,,,,
1460678400,,,,,,
1477440000,,,,,,
1455494400,,,,,,
1460678400,,,,,,
1478304000,,,,,,
1480464000,,,,,,
1479513600,,,,,,
1460160000,,,,,,
1477440000,,,,,,
1479168000,,,,,,
1382659200,,,,,,
1455408000,,,,,,
1477440000,,,,,,
1426464000,,,,,,
1466812800,,,,,,
1485388800,,,,,,
1461456000,,,,,,
1479168000,,,,,,
1487116800,,,,,,
1477440000,,,,,,
1457136000,,,,,,
1479168000,,,,,,
1477440000,,,,,,
1479513600,,,,,,
1481587200,,,,,,
1485388800,,,,,,
1477440000,,,,,,
1446336000,,,,,,
1477094400,,,,,,
1487116800,,,,,,
1477440000,,,,,,
1477440000,,,,,,
1479513600,,,,,,
1454716800,,,,,,
1480464000,,,,,,
1455494400,,,,,,
1477440000,,,,,,
1443052800,,,,,,
1455494400,,,,,,
1477008000,,,,,,
1453507200,,,,,,
1477440000,,,,,,
1447459200,,,,,,
1480377600,,,,,,
1487116800,,,,,,
1480723200,,,,,,
1477440000,,,,,,
1477008000,,,,,,
1467504000,,,,,,
1455494400,,,,,,
1480464000,,,,,,
1432771200,,,,,,
1488326400,,,,,,
1479513600,,,,,,
1477094400,,,,,,
1480464000,,,,,,
1488931200,,,,,,
1477008000,,,,,,
1486857600,,,,,,
1485388800,,,,,,
1481587200,,,,,,
1354320000,,,,,,
1488931200,,,,,,
1476403200,,,,,,
1487116800,,,,,,
1480464000,,,,,,
1453420800,,,,,,
1486771200,,,,,,
1478736000,,,,,,
1493078400,,,,,,
1492992000,,,,,,
1492992000,,,,,,
1492992000,,,,,,
1491523200,,,,,,
1492992000,,,,,,
1486771200,,,,,,
1492992000,,,,,,
1480464000,,,,,,
1492992000,,,,,,
1492992000,,,,,,
1478304000,,,,,,
1492992000,,,,,,
1492992000,,,,,,
1480464000,,,,,,
1492992000,,,,,,
1478304000,,,,,,
1492992000,,,,,,
1492992000,,,,,,
1486512000,,,,,,
1492992000,,,,,,
1477008000,,,,,,
1492992000,,,,,,
1454716800,,,,,,
1492992000,,,,,,
1481587200,,,,,,
1492992000,,,,,,
1455494400,,,,,,
1488931200,,,,,,
1492992000,,,,,,
1488931200,,,,,,
1477094400,,,,,,
1492992000,,,,,,
1492992000,,,,,,
1492992000,,,,,,
1492992000,,,,,,
1457136000,,,,,,
1480464000,,,,,,
1488931200,,,,,,
1492992000,,,,,,
1492992000,,,,,,
1492992000,,,,,,
1488931200,,,,,,
1479513600,,,,,,
1492992000,,,,,,
1492992000,,,,,,
1492992000,,,,,,
1492992000,,,,,,
1393718400,,,,,,
1492992000,,,,,,
1492992000,,,,,,
1492992000,,,,,,
1475107200,,,,,,
1492992000,,,,,,
1481587200,,,,,,
1492992000,,,,,,
1492992000,,,,,,
1492992000,,,,,,
1480464000,,,,,,
1492992000,,,,,,
1492992000,,,,,,
1492992000,,,,,,
1492992000,,,,,,
1488931200,,,,,,
1492992000,,,,,,
1492992000,,,,,,
1480464000,,,,,,
1492992000,,,,,,
1499472000,,,,,,
1492992000,,,,,,
1492992000,,,,,,
1492992000,,,,,,
1492992000,,,,,,
1477008000,,,,,,
1492992000,,,,,,
1492992000,,,,,,
1486598400,,,,,,
1492992000,,,,,,
1492992000,,,,,,
1492992000,,,,,,
1475107200,,,,,,
1492992000,,,,,,
1492992000,,,,,,
1461456000,,,,,,
1492992000,,,,,,
1475884800,,,,,,
1492992000,,,,,,
1464048000,,,,,,
1492992000,,,,,,
1492905600,,,,,,
1465344000,,,,,,
1429833600,,,,,,
1492992000,,,,,,
1466208000,,,,,,
1492992000,,,,,,
1492992000,,,,,,
1491523200,,,,,,
1503792000,,,,,,
1499472000,,,,,,
1492992000,,,,,,
1478822400,,,,,,
1503792000,,,,,,
1500508800,,,,,,
1487462400,,,,,,
1503792000,,,,,,
1492992000,,,,,,
1503792000,,,,,,
1496707200,,,,,,
1492992000,,,,,,
1492992000,,,,,,
1499472000,,,,,,
1492992000,,,,,,